{
  "typeName": "AWS::Events::EventBus",
  "description": "Resource type definition for AWS::Events::EventBus",
  "sourceUrl": "https://github.com/aws-cloudformation/aws-cloudformation-resource-providers-events",
  "properties": {
    "EventSourceName": {
        "description": "If you are creating a partner event bus, this specifies the partner event source that the new event bus will be matched with.",
        "type": "string"
    },
    "Name": {
      "description": "The name of the event bus.",
      "type": "string"
    },
    "Tags": {
      "description": "Any tags assigned to the event bus.",
      "type": "array",
      "uniqueItems": false,
      "items": {
        "$ref": "#/definitions/Tag"
      }
    },
    "Policy": {
      "description": "A JSON string that describes the permission policy statement for the event bus.",
      "type": [
        "object",
        "string"
      ]
    },
    "Arn": {
      "description": "The Amazon Resource Name (ARN) for the event bus.",
      "type": "string"
    }
  },
  "tagging": {
    "taggable": true,
    "tagOnCreate": true,
    "tagUpdatable": true,
    "cloudFormationSystemTags": true,
    "tagProperty": "/properties/Tags"
  },
  "additionalProperties": false,
  "required": [
    "Name"
  ],
  "createOnlyProperties": [
    "/properties/Name"
  ],
  "writeOnlyProperties": [
    "/properties/EventSourceName"
  ],
  "readOnlyProperties": [
    "/properties/Arn"
  ],
  "primaryIdentifier": [
    "/properties/Name"
  ],
  "handlers": {
    "create": {
      "permissions": [
        "events:CreateEventBus",
        "events:DescribeEventBus",
        "events:PutPermission",
        "events:ListTagsForResource",
        "events:TagResource"
      ]
    },
    "read": {
      "permissions": [
        "events:DescribeEventBus",
        "events:ListTagsForResource"
      ]
    },
    "update": {
      "permissions": [
        "events:TagResource",
        "events:UntagResource",
        "events:PutPermission",
        "events:DescribeEventBus"
      ]
    },
    "delete": {
      "permissions": [
        "events:DescribeEventBus",
        "events:DeleteEventBus"
      ]
    },
    "list": {
      "permissions": [
        "events:ListEventBuses",
        "events:ListTagsForResource"
      ]
    }
  },
  "definitions": {
    "Tag": {
      "description": "An arbitrary set of tags (key\u2013value pairs) to associate with the Kinesis stream.",
      "type": "object",
      "additionalProperties": false,
      "properties": {
        "Key": {
          "description": "The key name of the tag. You can specify a value that is 1 to 128 Unicode characters in length and cannot be prefixed with aws:. You can use any of the following characters: the set of Unicode letters, digits, whitespace, _, ., /, =, +, and -.",
          "type": "string",
          "minLength": 1,
          "maxLength": 128,
          "pattern": "^(?!aws:.*)[a-zA-Z0-9\\s\\_\\.\\/\\=\\+\\-]+$"
        },
        "Value": {
          "description": "The value for the tag. You can specify a value that is 0 to 256 Unicode characters in length and cannot be prefixed with aws:. You can use any of the following characters: the set of Unicode letters, digits, whitespace, _, ., /, =, +, and -.",
          "type": "string",
          "minLength": 0,
          "maxLength": 256,
          "pattern": "^(?!aws:.*)[a-zA-Z0-9\\s\\_\\.\\/\\=\\+\\-]*$"
        }
      },
      "required": [
        "Key",
        "Value"
      ]
    }
  }
}
